
{
    "comment" : "This file is used to help set default values when using the dotnet CLI extension Amazon.ElasticBeanstalk.Tools. For more information run \"dotnet eb --help\" from the project root.",
    "profile" : "default",
    "region"  : "us-east-2",
    "application" : "Project",
    "environment" : "Project-dev",
    "cname"       : "project-dev",
    "solution-stack" : "64bit Amazon Linux 2 v2.2.9 running .NET Core",
    "environment-type" : "SingleInstance",
    "instance-profile" : "aws-elasticbeanstalk-Project-dev",
    "service-role"     : "aws-elasticbeanstalk-service-role",
    "health-check-url" : "/",
    "instance-type"    : "t2.micro",
    "key-pair"         : "inscribe",
    "iis-website"      : "Default Web Site",
    "app-path"         : "/",
    "enable-xray"      : false,
    "configuration"    : "Debug",
    "framework"        : "netcoreapp3.1",
    "self-contained"   : false,
    "enhanced-health-type" : "basic",
    "additional-options"   : "",
    "proxy-server"         : "nginx"
}