
{
    "comment" : "This file is used to help set default values when using the dotnet CLI extension Amazon.ElasticBeanstalk.Tools. For more information run \"dotnet eb --help\" from the project root.",
    "profile" : "default",
    "region"  : "us-west-2",
    "application" : "WebApplication3",
    "environment" : "WebApplication3-dev",
    "cname"       : "webapplication3konsman-dev",
    "solution-stack" : "64bit Windows Server 2016 v2.5.9 running IIS 10.0",
    "environment-type" : "SingleInstance",
    "instance-profile" : "VideoRole",
    "service-role"     : "aws-elasticbeanstalk-service-role",
    "health-check-url" : "/",
    "instance-type"    : "t1.micro",
    "key-pair"         : "videostorekey",
    "iis-website"      : "Default Web Site",
    "app-path"         : "/",
    "enable-xray"      : false
}