
{
    "comment" : "This file is used to help set default values when using the dotnet CLI extension Amazon.ElasticBeanstalk.Tools. For more information run \"dotnet eb --help\" from the project root.",
    "profile" : "default",
    "region"  : "us-west-2",
    "application" : "Lab3-VietCuongNguyen-JianLiu",
    "environment" : "Lab3-VietCuongNguyen-JianLiu-dev",
    "cname"       : "lab3-vietcuongnguyen-jianliu-dev",
    "solution-stack" : "64bit Amazon Linux 2 v2.0.3 running .NET Core",
    "environment-type" : "SingleInstance",
    "instance-profile" : "aws-elasticbeanstalk-ec2-role",
    "service-role"     : "aws-elasticbeanstalk-service-role",
    "health-check-url" : "/",
    "instance-type"    : "t2.micro",
    "key-pair"         : "key1vcnec2",
    "iis-website"      : "Default Web Site",
    "app-path"         : "/",
    "enable-xray"      : false,
    "configuration"    : "Debug",
    "framework"        : "netcoreapp2.1",
    "self-contained"   : false,
    "enhanced-health-type" : "basic",
    "additional-options"   : "\"aws:autoscaling:launchconfiguration,SecurityGroups\"=\"sg-5ed6a673\";\"aws:ec2:vpc,Subnets\"=\"subnet-3790687d\"",
    "proxy-server"         : "nginx"
}